-- MySQL Script generated by MySQL Workbench
-- Wed Jun 24 21:36:20 2026
-- Model: New Model    Version: 1.0
-- MySQL Workbench Forward Engineering

SET @OLD_UNIQUE_CHECKS=@@UNIQUE_CHECKS, UNIQUE_CHECKS=0;
SET @OLD_FOREIGN_KEY_CHECKS=@@FOREIGN_KEY_CHECKS, FOREIGN_KEY_CHECKS=0;
SET @OLD_SQL_MODE=@@SQL_MODE, SQL_MODE='ONLY_FULL_GROUP_BY,STRICT_TRANS_TABLES,NO_ZERO_IN_DATE,NO_ZERO_DATE,ERROR_FOR_DIVISION_BY_ZERO,NO_ENGINE_SUBSTITUTION';

-- -----------------------------------------------------
-- Schema Parcial2025
-- -----------------------------------------------------
DROP SCHEMA IF EXISTS `Parcial2025` ;
CREATE SCHEMA IF NOT EXISTS `Parcial2025` DEFAULT CHARACTER SET utf8 ;
USE `Parcial2025` ;

-- -----------------------------------------------------
-- Table `Clientes`
-- -----------------------------------------------------
DROP TABLE IF EXISTS `Clientes` ;

CREATE TABLE IF NOT EXISTS `Clientes` (
  `idCliente` VARCHAR(40) NOT NULL,
  `login` VARCHAR(255) NOT NULL,
  `nombres` VARCHAR(40) NOT NULL,
  `apellidos` VARCHAR(40) NOT NULL,
  `fRegistracion` TIMESTAMP NOT NULL,
  `fNacimiento` TIMESTAMP NOT NULL,
  PRIMARY KEY (`idCliente`))
ENGINE = InnoDB;


-- -----------------------------------------------------
-- Table `Productos`
-- -----------------------------------------------------
DROP TABLE IF EXISTS `Productos` ;

CREATE TABLE IF NOT EXISTS `Productos` (
  `idProducto` VARCHAR(40) NOT NULL,
  `nombre` VARCHAR(255) NOT NULL,
  `descripcion` VARCHAR(255) NULL,
  `marca` VARCHAR(255) NOT NULL,
  PRIMARY KEY (`idProducto`))
ENGINE = InnoDB;


-- -----------------------------------------------------
-- Table `Ordenes`
-- -----------------------------------------------------
DROP TABLE IF EXISTS `Ordenes` ;

CREATE TABLE IF NOT EXISTS `Ordenes` (
  `idOrden` VARCHAR(40) NOT NULL,
  `idCliente` VARCHAR(40) NOT NULL,
  `estado` VARCHAR(40) NOT NULL DEFAULT 'SUBMITTED',
  `fCreacion` TIMESTAMP NOT NULL,
  `fEnvio` TIMESTAMP NULL,
  `fUltimaModificacion` TIMESTAMP NOT NULL,
  `fCompletada` TIMESTAMP NULL,
  PRIMARY KEY (`idOrden`),
  INDEX `fk_Ordenes_Clientes_idx` (`idCliente` ASC) VISIBLE,
  CONSTRAINT `fk_Ordenes_Clientes`
    FOREIGN KEY (`idCliente`)
    REFERENCES `Clientes` (`idCliente`)
    ON DELETE NO ACTION
    ON UPDATE NO ACTION)
ENGINE = InnoDB;


-- -----------------------------------------------------
-- Table `Detalle`
-- -----------------------------------------------------
DROP TABLE IF EXISTS `Detalle` ;

CREATE TABLE IF NOT EXISTS `Detalle` (
  `idOrden` VARCHAR(40) NOT NULL,
  `idProducto` VARCHAR(40) NOT NULL,
  `cantidad` DOUBLE NOT NULL,
  PRIMARY KEY (`idOrden`, `idProducto`),
  INDEX `fk_Detalle_Ordenes1_idx` (`idOrden` ASC) VISIBLE,
  CONSTRAINT `fk_Detalle_Productos1`
    FOREIGN KEY (`idProducto`)
    REFERENCES `Productos` (`idProducto`)
    ON DELETE NO ACTION
    ON UPDATE NO ACTION,
  CONSTRAINT `fk_Detalle_Ordenes1`
    FOREIGN KEY (`idOrden`)
    REFERENCES `Ordenes` (`idOrden`)
    ON DELETE NO ACTION
    ON UPDATE NO ACTION)
ENGINE = InnoDB;


-- -----------------------------------------------------
-- Table `TiposGrupos`
-- -----------------------------------------------------
DROP TABLE IF EXISTS `TiposGrupos` ;

CREATE TABLE IF NOT EXISTS `TiposGrupos` (
  `idTipoGrupo` INT NOT NULL,
  `descripcion` VARCHAR(50) NOT NULL,
  PRIMARY KEY (`idTipoGrupo`))
ENGINE = InnoDB;


-- -----------------------------------------------------
-- Table `Envios`
-- -----------------------------------------------------
DROP TABLE IF EXISTS `Envios` ;

CREATE TABLE IF NOT EXISTS `Envios` (
  `idEnvio` 		VARCHAR(40)  NOT NULL,
  `instrucciones` 	VARCHAR(200) NULL,
  `fecha` 			DATE NULL,
  `idOrden` 		VARCHAR(40)	 NOT NULL,
  `fEntregaDesde` 	DATE 		 NOT NULL,
  `fEntregaHasta` 	DATE 		 NOT NULL,
  `observaciones` 	VARCHAR(200) NULL,
  `numeroCupon`		VARCHAR(32)  NULL,
  `idTipoGrupo` 	INT 		 NOT NULL DEFAULT 1,
  CONSTRAINT envios_chk_fechas CHECK (fEntregaHasta >= fEntregaDesde),
  PRIMARY KEY (`idEnvio`),
  INDEX `fk_Envios_Ordenes1_idx` (`idOrden` ASC) VISIBLE,
  INDEX `fk_Envios_TiposGrupos1_idx` (`idTipoGrupo` ASC) VISIBLE,
  CONSTRAINT `fk_Envios_Ordenes1`
    FOREIGN KEY (`idOrden`)
    REFERENCES `Ordenes` (`idOrden`)
    ON DELETE NO ACTION
    ON UPDATE NO ACTION,
  CONSTRAINT `fk_Envios_TiposGrupos1`
    FOREIGN KEY (`idTipoGrupo`)
    REFERENCES `TiposGrupos` (`idTipoGrupo`)
    ON DELETE NO ACTION
    ON UPDATE NO ACTION)
ENGINE = InnoDB;


-- -----------------------------------------------------
-- Table `Estados`
-- -----------------------------------------------------
DROP TABLE IF EXISTS `Estados` ;

CREATE TABLE IF NOT EXISTS `Estados` (
  `idEstado` INT NOT NULL,
  `descripcion` VARCHAR(50) NOT NULL,
  PRIMARY KEY (`idEstado`))
ENGINE = InnoDB;


-- -----------------------------------------------------
-- Table `Seguimientos`
-- -----------------------------------------------------
DROP TABLE IF EXISTS `Seguimientos` ;

CREATE TABLE IF NOT EXISTS `Seguimientos` (
  `idSeguimiento` VARCHAR(50) 	NOT NULL,
  `idEstado` 	  INT 			NOT NULL,
  `idEnvio` 	  VARCHAR(40) 	NOT NULL,
  `fecha` 		  DATE 			NOT NULL,
  PRIMARY KEY (`idSeguimiento`, `idEnvio`, `idEstado`),
  INDEX `fk_Seguimientos_Estados1_idx` (`idEstado` ASC) VISIBLE,
  CONSTRAINT `fk_Seguimientos_Envios1`
    FOREIGN KEY (`idEnvio`)
    REFERENCES `Envios` (`idEnvio`)
    ON DELETE NO ACTION
    ON UPDATE NO ACTION,
  CONSTRAINT `fk_Seguimientos_Estados1`
    FOREIGN KEY (`idEstado`)
    REFERENCES `Estados` (`idEstado`)
    ON DELETE NO ACTION
    ON UPDATE NO ACTION)
ENGINE = InnoDB;


SET SQL_MODE=@OLD_SQL_MODE;
SET FOREIGN_KEY_CHECKS=@OLD_FOREIGN_KEY_CHECKS;
SET UNIQUE_CHECKS=@OLD_UNIQUE_CHECKS;


-- =========================================================================================================
-- Poblar BD
-- =========================================================================================================

SET SQL_SAFE_UPDATES = 0;

DELETE FROM Seguimientos;
DELETE FROM Estados;
DELETE FROM Envios;
DELETE FROM TiposGrupos;
DELETE FROM Detalle;
DELETE FROM Productos;
DELETE FROM Ordenes;
DELETE FROM Clientes;

INSERT INTO Clientes VALUES ('1133422170', 'matiasp12', 'Matías', 'Pérez', '2021-10-04', '1989-08-24');
INSERT INTO Clientes VALUES ('1151316448', 'ramiranda93', 'Rafael', 'Miranda', '2024-05-28', '1993-04-12');
INSERT INTO Clientes VALUES ('1151417420', 'luis.nahas', 'Luis', 'Nahas', '2024-08-19', '1973-11-07');
INSERT INTO Clientes VALUES ('1151635386', 'testluis', 'Luis', 'Hernández', '2025-02-27', '1973-11-07');
INSERT INTO Clientes VALUES ('13842766', 'testmesa1', 'Alejandro Daniel', 'La Porta', '2016-05-13', '1980-04-30');
INSERT INTO Clientes VALUES ('616182', 'ramiro78', 'Ramiro David', 'Rodríguez', '2015-11-24', '1978-12-24');
INSERT INTO Clientes VALUES ('14447091', 'testmesa2', 'Nelson Enrique', 'Zapata', '2016-05-17', '1983-05-28');
INSERT INTO Clientes VALUES ('89430741', 'motika', 'Mónica', 'Bonilla', '2017-05-10', '1982-01-08');

INSERT INTO Ordenes VALUES ('259702', '1133422170', 'INCOMPLETE', '2025-05-09', null, '2025-05-19', null);
INSERT INTO Ordenes VALUES ('251203', '616182', 'SUBMITTED', '2025-04-15', '2025-04-15', '2025-04-15', null);
INSERT INTO Ordenes VALUES ('251202', '616182', 'SUBMITTED', '2025-04-15', '2025-04-15', '2025-04-15', null);
INSERT INTO Ordenes VALUES ('245707', '616182', 'SUBMITTED', '2025-04-07', '2025-04-07', '2025-04-07', null);
INSERT INTO Ordenes VALUES ('245702', '616182', 'SUBMITTED', '2025-04-03', '2025-04-03', '2025-04-03', null);
INSERT INTO Ordenes VALUES ('245701', '616182', 'SUBMITTED', '2025-04-03', '2025-04-03', '2025-04-03', null);
INSERT INTO Ordenes VALUES ('245700', '1151417420', 'INCOMPLETE', '2025-04-03', null, '2025-04-07', null);
INSERT INTO Ordenes VALUES ('243701', '1151417420', 'SUBMITTED', '2025-03-31', '2025-03-31', '2025-03-31', null);
INSERT INTO Ordenes VALUES ('243601', '1151417420', 'SUBMITTED', '2025-03-31', '2025-03-31', '2025-03-31', null);
INSERT INTO Ordenes VALUES ('243302', '1151417420', 'SUBMITTED', '2025-03-28', '2025-03-31', '2025-03-31', null);
INSERT INTO Ordenes VALUES ('242818', '1151417420', 'SUBMITTED', '2025-03-28', '2025-03-28', '2025-03-28', null);
INSERT INTO Ordenes VALUES ('242817', '1151417420', 'SUBMITTED', '2025-03-28', '2025-03-28', '2025-03-28', null);
INSERT INTO Ordenes VALUES ('242816', '1151417420', 'SUBMITTED', '2025-03-28', '2025-03-28', '2025-03-28', null);
INSERT INTO Ordenes VALUES ('242815', '1151417420', 'SUBMITTED', '2025-03-28', '2025-03-28', '2025-03-28', null);
INSERT INTO Ordenes VALUES ('242814', '1151417420', 'SUBMITTED', '2025-03-28', '2025-03-28', '2025-03-28', null);
INSERT INTO Ordenes VALUES ('242813', '1151417420', 'SUBMITTED', '2025-03-28', '2025-03-28', '2025-03-28', null);
INSERT INTO Ordenes VALUES ('242812', '1151417420', 'SUBMITTED', '2025-03-28', '2025-03-28', '2025-03-28', null);
INSERT INTO Ordenes VALUES ('242810', '1151417420', 'SUBMITTED', '2025-03-28', '2025-03-28', '2025-03-28', null);
INSERT INTO Ordenes VALUES ('242809', '1151417420', 'SUBMITTED', '2025-03-28', '2025-03-28', '2025-03-28', null);
INSERT INTO Ordenes VALUES ('242808', '1151417420', 'SUBMITTED', '2025-03-28', '2025-03-28', '2025-03-28', null);
INSERT INTO Ordenes VALUES ('242805', '1151417420', 'SUBMITTED', '2025-03-28', '2025-03-28', '2025-03-28', null);
INSERT INTO Ordenes VALUES ('242803', '1151417420', 'SUBMITTED', '2025-03-28', '2025-03-28', '2025-03-28', null);
INSERT INTO Ordenes VALUES ('242603', '1151417420', 'SUBMITTED', '2025-03-28', '2025-03-28', '2025-03-28', null);
INSERT INTO Ordenes VALUES ('242302', '1151417420', 'SUBMITTED', '2025-03-28', '2025-03-28', '2025-03-28', null);
INSERT INTO Ordenes VALUES ('242301', '1151417420', 'SUBMITTED', '2025-03-28', '2025-03-28', '2025-03-28', null);
INSERT INTO Ordenes VALUES ('242300', '1151417420', 'SUBMITTED', '2025-03-28', '2025-03-28', '2025-03-28', null);
INSERT INTO Ordenes VALUES ('240800', '1151417420', 'SUBMITTED', '2025-03-26', '2025-03-28', '2025-03-28', null);
INSERT INTO Ordenes VALUES ('240604', '1151635386', 'SUBMITTED', '2025-03-26', '2025-03-26', '2025-03-26', null);
INSERT INTO Ordenes VALUES ('239901', '1151417420', 'SUBMITTED', '2025-03-26', '2025-03-26', '2025-03-26', null);
INSERT INTO Ordenes VALUES ('239803', '1151417420', 'SUBMITTED', '2025-03-26', '2025-03-26', '2025-03-26', null);
INSERT INTO Ordenes VALUES ('239802', '1151417420', 'SUBMITTED', '2025-03-26', '2025-03-26', '2025-03-26', null);
INSERT INTO Ordenes VALUES ('237902', '1151417420', 'SUBMITTED', '2025-03-25', '2025-03-25', '2025-03-25', null);
INSERT INTO Ordenes VALUES ('237901', '1151417420', 'SUBMITTED', '2025-03-25', '2025-03-25', '2025-03-25', null);
INSERT INTO Ordenes VALUES ('237900', '1151417420', 'SUBMITTED', '2025-03-25', '2025-03-25', '2025-03-25', null);
INSERT INTO Ordenes VALUES ('237401', '89430741', 'SUBMITTED', '2025-03-25', '2025-03-25', '2025-03-25', null);
INSERT INTO Ordenes VALUES ('237804', '1151417420', 'SUBMITTED', '2025-03-25', '2025-03-25', '2025-03-25', null);
INSERT INTO Ordenes VALUES ('237605', '1151417420', 'SUBMITTED', '2025-03-21', '2025-03-21', '2025-03-21', null);
INSERT INTO Ordenes VALUES ('237502', '1151417420', 'SUBMITTED', '2025-03-21', '2025-03-21', '2025-03-21', null);
INSERT INTO Ordenes VALUES ('237207', '14447091', 'SUBMITTED', '2025-03-19', '2025-03-19', '2025-03-19', null);
INSERT INTO Ordenes VALUES ('237206', '14447091', 'SUBMITTED', '2025-03-19', '2025-03-19', '2025-03-19', null);
INSERT INTO Ordenes VALUES ('235106', '1151417420', 'SUBMITTED', '2025-03-17', '2025-03-17', '2025-03-17', null);
INSERT INTO Ordenes VALUES ('235105', '1151417420', 'SUBMITTED', '2025-03-17', '2025-03-17', '2025-03-17', null);
INSERT INTO Ordenes VALUES ('234203', '1151316448', 'SUBMITTED', '2025-03-12', '2025-03-12', '2025-03-12', null);
INSERT INTO Ordenes VALUES ('230207', '616182', 'SUBMITTED', '2025-03-05', '2025-03-05', '2025-03-05', null);
INSERT INTO Ordenes VALUES ('230204', '616182', 'SUBMITTED', '2025-03-05', '2025-03-05', '2025-03-05', null);
INSERT INTO Ordenes VALUES ('230203', '616182', 'SUBMITTED', '2025-03-05', '2025-03-05', '2025-03-05', null);
INSERT INTO Ordenes VALUES ('230202', '616182', 'SUBMITTED', '2025-03-05', '2025-03-05', '2025-03-05', null);
INSERT INTO Ordenes VALUES ('228708', '616182', 'SUBMITTED', '2025-02-28', '2025-02-28', '2025-02-28', null);
INSERT INTO Ordenes VALUES ('228707', '616182', 'SUBMITTED', '2025-02-28', '2025-02-28', '2025-02-28', null);
INSERT INTO Ordenes VALUES ('228703', '616182', 'SUBMITTED', '2025-02-28', '2025-02-28', '2025-02-28', null);
INSERT INTO Ordenes VALUES ('226910', '1151417420', 'SUBMITTED', '2025-02-25', '2025-02-25', '2025-02-25', null);
INSERT INTO Ordenes VALUES ('226909', '1151417420', 'SUBMITTED', '2025-02-25', '2025-02-25', '2025-02-25', null);
INSERT INTO Ordenes VALUES ('226908', '1151417420', 'SUBMITTED', '2025-02-25', '2025-02-25', '2025-02-25', null);
INSERT INTO Ordenes VALUES ('226907', '1151417420', 'SUBMITTED', '2025-02-25', '2025-02-25', '2025-02-25', null);
INSERT INTO Ordenes VALUES ('226906', '1151417420', 'SUBMITTED', '2025-02-25', '2025-02-25', '2025-02-25', null);
INSERT INTO Ordenes VALUES ('226202', '616182', 'SUBMITTED', '2025-02-21', '2025-02-21', '2025-02-21', null);
INSERT INTO Ordenes VALUES ('223200', '616182', 'SUBMITTED', '2025-02-12', '2025-02-12', '2025-02-12', null);
INSERT INTO Ordenes VALUES ('219935', '13842766', 'INCOMPLETE', '2025-02-05', null, '2025-03-13', null);
INSERT INTO Ordenes VALUES ('219934', '13842766', 'SUBMITTED', '2025-02-05', '2025-02-05', '2025-02-05', null);
INSERT INTO Ordenes VALUES ('219933', '13842766', 'SUBMITTED', '2025-02-05', '2025-02-05', '2025-02-05', null);
INSERT INTO Ordenes VALUES ('219924', '13842766', 'SUBMITTED', '2025-02-04', '2025-02-05', '2025-02-05', null);
INSERT INTO Ordenes VALUES ('219923', '13842766', 'SUBMITTED', '2025-02-04', '2025-02-04', '2025-02-04', null);
INSERT INTO Ordenes VALUES ('219922', '13842766', 'SUBMITTED', '2025-02-04', '2025-02-04', '2025-02-04', null);
INSERT INTO Ordenes VALUES ('219921', '14447091', 'SUBMITTED', '2025-02-04', '2025-03-19', '2025-03-19', null);
INSERT INTO Ordenes VALUES ('219023', '13842766', 'SUBMITTED', '2025-01-28', '2025-02-04', '2025-02-04', null);
INSERT INTO Ordenes VALUES ('218050', '13842766', 'SUBMITTED', '2025-01-21', '2025-01-28', '2025-01-28', null);
INSERT INTO Ordenes VALUES ('218049', '13842766', 'SUBMITTED', '2025-01-21', '2025-01-21', '2025-01-21', null);
INSERT INTO Ordenes VALUES ('218048', '13842766', 'SUBMITTED', '2025-01-21', '2025-01-21', '2025-01-21', null);
INSERT INTO Ordenes VALUES ('218046', '14447091', 'SUBMITTED', '2025-01-21', '2025-01-21', '2025-01-21', null);
INSERT INTO Ordenes VALUES ('218044', '616182', 'SUBMITTED', '2025-01-21', '2025-01-21', '2025-01-21', null);
INSERT INTO Ordenes VALUES ('218043', '616182', 'SUBMITTED', '2025-01-21', '2025-01-21', '2025-01-21', null);
INSERT INTO Ordenes VALUES ('217801', '616182', 'SUBMITTED', '2025-01-16', '2025-01-21', '2025-01-21', null);
INSERT INTO Ordenes VALUES ('217500', '616182', 'SUBMITTED', '2025-01-16', '2025-01-16', '2025-01-16', null);
INSERT INTO Ordenes VALUES ('216711', '616182', 'SUBMITTED', '2025-01-13', '2025-01-16', '2025-01-16', null);
INSERT INTO Ordenes VALUES ('216641', '616182', 'SUBMITTED', '2025-01-08', '2025-01-08', '2025-01-08', null);
INSERT INTO Ordenes VALUES ('216638', '616182', 'SUBMITTED', '2025-01-08', '2025-01-08', '2025-01-08', null);
INSERT INTO Ordenes VALUES ('216636', '616182', 'SUBMITTED', '2025-01-08', '2025-01-08', '2025-01-08', null);
INSERT INTO Ordenes VALUES ('216635', '616182', 'SUBMITTED', '2025-01-08', '2025-01-08', '2025-01-08', null);
INSERT INTO Ordenes VALUES ('216634', '616182', 'SUBMITTED', '2025-01-08', '2025-01-08', '2025-01-08', null);
INSERT INTO Ordenes VALUES ('216628', '616182', 'SUBMITTED', '2025-01-08', '2025-01-08', '2025-01-08', null);

INSERT INTO TiposGrupos VALUES (1, 'SUPERMERCADO');
INSERT INTO TiposGrupos VALUES (2, 'ELECTRODOMESTICOS');

INSERT INTO Estados VALUES (17, 'Realizado');
INSERT INTO Estados VALUES (18, 'Realizado');
INSERT INTO Estados VALUES (20, 'Realizado');
INSERT INTO Estados VALUES (25, 'Armado');
INSERT INTO Estados VALUES (27, 'Armado');
INSERT INTO Estados VALUES (52, 'Armado');
INSERT INTO Estados VALUES (55, 'Armado');
INSERT INTO Estados VALUES (73, 'Armado');
INSERT INTO Estados VALUES (74, 'Armado');
INSERT INTO Estados VALUES (75, 'Armado');
INSERT INTO Estados VALUES (90, 'Cobrado');
INSERT INTO Estados VALUES (94, 'En Camino');
INSERT INTO Estados VALUES (96, 'Entregado');
INSERT INTO Estados VALUES (70, 'Cancelado');

INSERT INTO Envios VALUES ('348134', null, null, '242817', '2025-03-28', '2025-03-28', null, null, 1);
INSERT INTO Envios VALUES ('348141', null, null, '242818', '2025-04-03', '2025-04-03', null, null, 2);
INSERT INTO Envios VALUES ('341610', null, null, '237207', '2025-03-20', '2025-03-20', null, '6391300072941869', 1);
INSERT INTO Envios VALUES ('348140', null, null, '242818', '2025-03-28', '2025-03-28', null, null, 1);
INSERT INTO Envios VALUES ('348123', null, null, '242812', '2025-03-29', '2025-03-29', null, null, 2);
INSERT INTO Envios VALUES ('348125', null, null, '242813', '2025-03-29', '2025-03-29', null, null, 2);
INSERT INTO Envios VALUES ('348127', null, null, '242814', '2025-03-28', '2025-03-28', null, null, 1);
INSERT INTO Envios VALUES ('349000', null, null, '243302', '2025-03-31', '2025-03-31', null, null, 1);
INSERT INTO Envios VALUES ('349200', null, null, '243601', '2025-03-31', '2025-03-31', null, null, 1);
INSERT INTO Envios VALUES ('344904', null, null, '239802', '2025-03-26', '2025-03-26', null, null, 1);
INSERT INTO Envios VALUES ('344907', null, null, '239803', '2025-03-26', '2025-03-26', null, null, 1);
INSERT INTO Envios VALUES ('333004', null, null, '228703', '2025-02-28', '2025-02-28', null, '6391300175291554', 1);
INSERT INTO Envios VALUES ('342400', null, null, '237804', '2025-03-25', '2025-03-25', null, null, 1);
INSERT INTO Envios VALUES ('351202', null, null, '245701', '2025-04-03', '2025-04-03', null, '6391300175291554', 1);
INSERT INTO Envios VALUES ('320741', null, null, '216636', '2025-01-08', '2025-01-08', null, '6391300175291554', 2);
INSERT INTO Envios VALUES ('324223', null, null, '219023', '2025-02-05', '2025-02-05', null, '6391300072941869', 1);
INSERT INTO Envios VALUES ('334509', null, null, '230204', '2025-03-05', '2025-03-05', null, '6391300175291554', 1);
INSERT INTO Envios VALUES ('348104', null, null, '242803', '2025-03-28', '2025-03-28', null, null, 1);
INSERT INTO Envios VALUES ('348105', null, null, '242803', '2025-03-28', '2025-03-28', null, null, 2);
INSERT INTO Envios VALUES ('346001', null, null, '239901', '2025-03-27', '2025-03-27', null, null, 1);
INSERT INTO Envios VALUES ('348111', null, null, '242805', '2025-03-28', '2025-03-28', null, null, 1);
INSERT INTO Envios VALUES ('327501', null, null, '223200', '2025-02-13', '2025-02-13', null, '6391300175291554', 1);
INSERT INTO Envios VALUES ('331209', null, null, '226907', '2025-02-26', '2025-02-26', null, null, 1);
INSERT INTO Envios VALUES ('321603', null, null, '217500', '2025-01-17', '2025-01-17', null, '6391300175291554', 1);
INSERT INTO Envios VALUES ('323323', null, null, '218050', '2025-01-28', '2025-01-28', null, '6391300072941869', 1);
INSERT INTO Envios VALUES ('342404', null, null, '237901', '2025-03-25', '2025-03-25', null, null, 1);
INSERT INTO Envios VALUES ('351204', null, null, '245702', '2025-04-03', '2025-04-03', null, '6391300175291554', 1);
INSERT INTO Envios VALUES ('351205', null, null, '245702', '2025-04-09', '2025-04-09', null, '6391300175291554', 2);
INSERT INTO Envios VALUES ('321600', null, null, '216711', '2025-01-16', '2025-01-16', null, '6391300175291554', 1);
INSERT INTO Envios VALUES ('321601', null, null, '216711', '2025-01-17', '2025-01-17', null, '6391300175291554', 2);
INSERT INTO Envios VALUES ('338504', null, null, '234203', '2025-03-13', '2025-03-13', null, null, 1);
INSERT INTO Envios VALUES ('339408', null, null, '235106', '2025-03-18', '2025-03-18', null, null, 1);
INSERT INTO Envios VALUES ('324226', null, null, '219923', '2025-02-05', '2025-02-05', null, '6391300072941869', 1);
INSERT INTO Envios VALUES ('324229', null, null, '219922', '2025-02-05', '2025-02-05', null, '6391300072941869', 1);
INSERT INTO Envios VALUES ('339406', null, null, '235105', '2025-03-18', '2025-03-18', null, null, 1);
INSERT INTO Envios VALUES ('356703', null, null, '251202', '2025-04-15', '2025-04-15', null, '6391300175291554', 1);
INSERT INTO Envios VALUES ('348117', null, null, '242809', '2025-03-28', '2025-03-28', null, null, 1);
INSERT INTO Envios VALUES ('348118', null, null, '242809', '2025-04-03', '2025-04-03', null, null, 2);
INSERT INTO Envios VALUES ('334513', null, null, '230207', '2025-03-05', '2025-03-05', null, '6391300175291554', 1);
INSERT INTO Envios VALUES ('322142', null, null, '217801', '2025-01-21', '2025-01-21', null, '6391300175291554', 1);
INSERT INTO Envios VALUES ('347905', null, null, '242603', '2025-03-28', '2025-03-28', null, null, 1);
INSERT INTO Envios VALUES ('322145', null, null, '218043', '2025-01-22', '2025-01-22', null, '6391300175291554', 1);
INSERT INTO Envios VALUES ('347906', null, null, '242603', '2025-03-28', '2025-03-28', null, null, 2);
INSERT INTO Envios VALUES ('320743', null, null, '216638', '2025-01-09', '2025-01-09', null, '6391300175291554', 2);
INSERT INTO Envios VALUES ('322802', null, null, '218044', '2025-01-22', '2025-01-22', null, '6391300175291554', 1);
INSERT INTO Envios VALUES ('324238', null, null, '219924', '2025-02-05', '2025-02-05', null, '6391300072941869', 1);
INSERT INTO Envios VALUES ('324242', null, null, '219933', '2025-02-11', '2025-02-11', null, '6391300072941869', 2);
INSERT INTO Envios VALUES ('324244', 'Cuenta de testing. Ignorar.', null, '219934', '2025-02-05', '2025-02-05', null, '6391300072941869', 1);
INSERT INTO Envios VALUES ('324245', null, null, '219934', '2025-02-06', '2025-02-06', null, '6391300072941869', 2);
INSERT INTO Envios VALUES ('333009', null, null, '228707', '2025-02-28', '2025-02-28', null, '6391300175291554', 1);
INSERT INTO Envios VALUES ('333011', null, null, '228708', '2025-02-28', '2025-02-28', null, '6391300175291554', 1);
INSERT INTO Envios VALUES ('345805', null, null, '240604', '2025-03-27', '2025-03-27', null, null, 1);
INSERT INTO Envios VALUES ('341608', null, null, '237206', '2025-03-20', '2025-03-20', null, '6391300072941869', 1);
INSERT INTO Envios VALUES ('342402', null, null, '237900', '2025-03-25', '2025-03-25', null, null, 1);
INSERT INTO Envios VALUES ('331211', null, null, '226908', '2025-02-28', '2025-02-28', null, null, 1);
INSERT INTO Envios VALUES ('376801', null, null, '259702', '2025-05-19', '2025-05-19', null, null, 1);
INSERT INTO Envios VALUES ('348120', null, null, '242810', '2025-03-28', '2025-03-28', null, null, 1);
INSERT INTO Envios VALUES ('331213', null, null, '226909', '2025-02-28', '2025-02-28', null, null, 1);
INSERT INTO Envios VALUES ('322150', 'Cuenta de testing. Ignorar.', null, '218046', '2025-01-22', '2025-01-22', null, '6391300072941869', 1);
INSERT INTO Envios VALUES ('322154', 'Cuenta de testing. Ignorar.', null, '218048', '2025-01-22', '2025-01-22', null, '6391300072941869', 1);
INSERT INTO Envios VALUES ('349203', null, null, '243701', '2025-03-31', '2025-03-31', null, null, 1);
INSERT INTO Envios VALUES ('349204', null, null, '243701', '2025-04-01', '2025-04-01', null, null, 2);
INSERT INTO Envios VALUES ('330504', null, null, '226202', '2025-02-21', '2025-02-21', null, '6391300175291554', 1);
INSERT INTO Envios VALUES ('342000', null, null, '237502', '2025-03-22', '2025-03-22', null, null, 1);
INSERT INTO Envios VALUES ('348115', null, null, '242808', '2025-04-03', '2025-04-03', null, null, 2);
INSERT INTO Envios VALUES ('351211', null, null, '245707', '2025-04-07', '2025-04-07', null, '6391300175291554', 1);
INSERT INTO Envios VALUES ('334503', null, null, '230202', '2025-03-05', '2025-03-05', null, '6391300175291554', 1);
INSERT INTO Envios VALUES ('334504', null, null, '230202', '2025-03-06', '2025-03-06', null, '6391300175291554', 2);
INSERT INTO Envios VALUES ('334506', null, null, '230203', '2025-03-05', '2025-03-05', null, '6391300175291554', 1);
INSERT INTO Envios VALUES ('334507', null, null, '230203', '2025-03-05', '2025-03-05', null, '6391300175291554', 2);
INSERT INTO Envios VALUES ('341804', 'Entre Pasco y Pichincha', null, '237401', '2025-03-25', '2025-03-25', null, null, 1);
INSERT INTO Envios VALUES ('331215', null, null, '226910', '2025-02-28', '2025-02-28', null, null, 1);
INSERT INTO Envios VALUES ('331207', null, null, '226906', '2025-02-26', '2025-02-26', null, null, 1);
INSERT INTO Envios VALUES ('320730', null, null, '216628', '2025-01-08', '2025-01-08', null, '6391300175291554', 2);
INSERT INTO Envios VALUES ('320747', null, null, '216641', '2025-01-09', '2025-01-09', null, '6391300175291554', 2);
INSERT INTO Envios VALUES ('347600', null, null, '240800', '2025-03-28', '2025-03-28', null, null, 2);
INSERT INTO Envios VALUES ('322157', 'Cuenta de testing. Ignorar.', null, '218049', '2025-01-22', '2025-01-22', null, '6391300072941869', 1);
INSERT INTO Envios VALUES ('347602', null, null, '242300', '2025-03-28', '2025-03-28', null, null, 1);
INSERT INTO Envios VALUES ('347604', null, null, '242301', '2025-03-28', '2025-03-28', null, null, 1);
INSERT INTO Envios VALUES ('347606', null, null, '242302', '2025-03-28', '2025-03-28', null, null, 2);
INSERT INTO Envios VALUES ('320738', null, null, '216635', '2025-01-08', '2025-01-08', null, '6391300175291554', 2);
INSERT INTO Envios VALUES ('320736', null, null, '216634', '2025-01-08', '2025-01-08', null, '6391300175291554', 2);
INSERT INTO Envios VALUES ('341606', 'Cuenta de testing. Ignorar.', null, '219921', '2025-03-20', '2025-03-20', null, '6391300072941869', 1);
INSERT INTO Envios VALUES ('356705', null, null, '251203', '2025-04-15', '2025-04-15', null, '6391300175291554', 1);
INSERT INTO Envios VALUES ('348130', null, null, '242815', '2025-03-29', '2025-03-29', null, null, 2);
INSERT INTO Envios VALUES ('348129', null, null, '242815', '2025-03-28', '2025-03-28', null, null, 1);
INSERT INTO Envios VALUES ('342106', null, null, '237605', '2025-03-22', '2025-03-22', null, null, 1);
INSERT INTO Envios VALUES ('348132', null, null, '242816', '2025-04-03', '2025-04-03', null, null, 2);
INSERT INTO Envios VALUES ('342701', null, null, '237902', '2025-03-25', '2025-03-25', null, null, 1);

INSERT INTO Seguimientos VALUES ('351202', 96,'348134', '2025-05-11');
INSERT INTO Seguimientos VALUES ('351202', 74,'348141', '2025-05-11');
INSERT INTO Seguimientos VALUES ('351202', 75,'342701', '2025-05-11');
INSERT INTO Seguimientos VALUES ('351202', 90,'348132', '2025-05-11');
INSERT INTO Seguimientos VALUES ('351202', 94,'342106', '2025-05-11');
INSERT INTO Seguimientos VALUES ('351202', 17,'348129', '2025-05-10');
INSERT INTO Seguimientos VALUES ('351202', 18,'348130', '2025-05-10');
INSERT INTO Seguimientos VALUES ('351202', 20,'356705', '2025-05-11');
INSERT INTO Seguimientos VALUES ('327501', 17,'341606', '2025-02-12');
INSERT INTO Seguimientos VALUES ('327501', 25,'320736', '2025-02-12');


INSERT INTO Productos VALUES ('prod00460537', 'Lavarropas Automático Samsung Carga Superior 8 Kg Wa80f5s4uta Silver', null, 'SAMSUNG');
INSERT INTO Productos VALUES ('prod00244277', 'Yerba Mate LA TRANQUERA Con Palo Suave Paquete 500 Gr', null, 'LA TRANQUERA');
INSERT INTO Productos VALUES ('prod00485077', 'Gaseosa Doble Cola   Botella 2.25 L', null, 'DOBLE COLA');
INSERT INTO Productos VALUES ('prod00011037', 'Kit Mate + Yerba TARAGUI Paquete 1 Unidad', null, 'TARAGUI');
INSERT INTO Productos VALUES ('prod00126403', 'Gaseosa Coca-Cola Sabor Original 2,25 Lt + Sprite Lima-Limón 2,25 Lt', null, 'COCA COLA');
INSERT INTO Productos VALUES ('prod00475148', 'Control Remoto Universal ONE FOR ALL Urc1910 Para Tv Samsung', null, 'ONE FOR ALL');
INSERT INTO Productos VALUES ('prod00512708', 'Smart Tv Led   SAMSUNG 32" HD T4300', null, 'SAMSUNG');
INSERT INTO Productos VALUES ('prod00230474', 'Cerveza Lager STELLA ARTOIS   Lata 473 Cc', null, 'STELLA ARTOIS');
INSERT INTO Productos VALUES ('prod00263045', 'Vino Bonarda . Lorenza Bot 750 Ml', null, 'LORENZA');
INSERT INTO Productos VALUES ('prod00299525', 'Pionono 200 Gr', null, '-N');
INSERT INTO Productos VALUES ('prod00181026', 'Pate BOCATTI Jamon Pot 90 Grm', null, 'BOCATTI');
INSERT INTO Productos VALUES ('prod00261954', 'Yerba Mate ROSAMONTE Con Palo Junior Paquete 500 Gr', null, 'ROSAMONTE');
INSERT INTO Productos VALUES ('prod00493103', 'Café Tostado Y Molido Starbucks Verona X 250gr', null, 'STARBUCKS');
INSERT INTO Productos VALUES ('prod00473708', 'Cerveza  WEIDMANN   Lata 500 Cc', null, 'WEIDMANN');
INSERT INTO Productos VALUES ('prod00143066', 'Envase De Cerveza 111 Bot 970 Cmq', null, 'VERDE');
INSERT INTO Productos VALUES ('prod00126411', 'Leberwurst CALCHAQUI Paq 200 Grm', null, 'CALCHAQUI');
INSERT INTO Productos VALUES ('prod00127563', 'Pate BOCATTI Pimienta Pot 90 Grm', null, 'BOCATTI');
INSERT INTO Productos VALUES ('prod00475147', 'Control Remoto Universal ONE FOR ALL Urc6819', null, 'ONE FOR ALL');
INSERT INTO Productos VALUES ('prod00485818', 'Cafetera Filtro SMARTLIFE Sl-cmd1095', null, 'SMARTLIFE');
INSERT INTO Productos VALUES ('prod00249280', 'TIA MARIA Botella De 690 Ml', null, 'TIA MARIA');
INSERT INTO Productos VALUES ('prod00481306', 'Cerveza Ipa Imperial  Lata 473 CC', null, 'IMPERIAL');
INSERT INTO Productos VALUES ('prod00047143', 'Merengues X 6 Uni', null, '.');
INSERT INTO Productos VALUES ('prod00142748', 'Pate BOCATTI Panceta Pot 90 Grm', null, 'BOCATTI');
INSERT INTO Productos VALUES ('prod00011038', 'Botella Térmica TARAGUI Mate Listo Paquete 1 Unidad', null, 'TARAGUI');
INSERT INTO Productos VALUES ('prod00005914', 'Café Molido CABRALES Paquete 250 Gr', null, 'CABRALES');
INSERT INTO Productos VALUES ('prod00118365', 'Alfajor Jorgito Blanco 50 Gr X 6 Uni', null, 'JORGITO');
INSERT INTO Productos VALUES ('prod00290731', 'Medallon . Swift Cja 4 Uni', null, 'SWIFT');
INSERT INTO Productos VALUES ('prod00288009', 'Cerveza  GROLSCH   Botella 925 Cc', null, 'GROLSCH');
INSERT INTO Productos VALUES ('prod00255486', 'Yerba Mate NOBLEZA GAUCHA Suave Paquete 500 Gr', null, 'NOBLEZA GAUCHA');
INSERT INTO Productos VALUES ('prod00501768', 'Tv Led   PHILIPS 24" HD 24phd5565/77', null, 'PHILIPS');
INSERT INTO Productos VALUES ('prod00179472', 'Gaseosa Sprite Sin Azúcares Lima-Limón 354 Ml', null, 'SPRITE');
INSERT INTO Productos VALUES ('prod00080951', 'Gaseosa Coca-Cola Light 2,25 Lt', null, 'COCA COLA');
INSERT INTO Productos VALUES ('prod00521126', 'Bicicleta Infantil Con Ruedas  UNIBIKE 12" Mickey', null, 'UNIBIKE');
INSERT INTO Productos VALUES ('prod00457294', 'Torta Cong Fiesta C Grana . . 1000 Grm', null, '.');
INSERT INTO Productos VALUES ('prod00118363', 'Alfajor Jorgito Fruta Paquete 50 Gr 6 Unidades', null, 'JORGITO');
INSERT INTO Productos VALUES ('prod00466643', 'Cerveza Lata 473cc Imperial Lat 473 Ml', null, 'IMPERIAL');
INSERT INTO Productos VALUES ('prod00469832', 'Gall. Agua De Agua La Providen Paq 303 Grm', null, 'LA PROVIDENCIA');
INSERT INTO Productos VALUES ('prod00478428', 'Cerveza  Andes  Lata 473 CC', null, 'ANDES');
INSERT INTO Productos VALUES ('prod00010371', 'Gaseosa PASO DE LOS TOROS  Pomelo Botella 1.5 L', null, 'PASO DE LOS TOROS');
INSERT INTO Productos VALUES ('prod00269852', 'Yerba Mate PLAYADITO Paquete 500 Gr', null, 'PLAYADITO');
INSERT INTO Productos VALUES ('prod00474513', 'Leche Des.Lv Uat Yatasto Ttb 1000 Cmq', null, 'YATASTO');
INSERT INTO Productos VALUES ('prod00118367', 'Alfajor Jorgelín Chocolate 85 Gr X 3 Uni', null, 'JORGELÍN');
INSERT INTO Productos VALUES ('prod00258386', 'Yerba Mate UNION Con Palo Suave Paquete 500 Gr', null, 'UNION');
INSERT INTO Productos VALUES ('prod00080592', 'Langostino Pelado Crudo Grande Congelado X Kg', null, 'NUESTRA PESCADERIA');
INSERT INTO Productos VALUES ('prod00237300', 'Cafe Capsula Mocha Nescafe Dol Cja 216 Gr', null, 'NESCAFÉ DOLCE GUSTO');
INSERT INTO Productos VALUES ('prod00492892', 'Cocina Multigas Orbis 4 Hornallas Plata 958ac3 55 Cm', null, 'ORBIS');
INSERT INTO Productos VALUES ('prod00061257', 'Cafe Molido Torrado Cabrales Paq 1 Kgm', null, 'CABRALES');
INSERT INTO Productos VALUES ('prod00229481', 'Soda Coto Sifón 2 L', null, 'COTO');
INSERT INTO Productos VALUES ('prod00188261', 'Leberwurst CAMPO AUSTRAL Tradicional Paq 200 Grm', null, 'CAMPO AUSTRAL');
INSERT INTO Productos VALUES ('prod00474658', 'Cerveza Lager ORANJEBOOM Original Lata 500 Cc', null, 'ORANJEBOOM');
INSERT INTO Productos VALUES ('prod00492785', 'Cocina Eléctrica Philco 4 Hornallas Plata Phch050p 50 Cm', null, 'PHILCO');
INSERT INTO Productos VALUES ('prod00291163', 'Vino Blend . ALTOSUR Bot 750 Ml', null, 'ALTOSUR');
INSERT INTO Productos VALUES ('prod00244279', 'Yerba Mate LA TRANQUERA Con Palo Suave Paquete 1 Kg', null, 'LA TRANQUERA');
INSERT INTO Productos VALUES ('prod00286026', 'Vino Dulce Natural . Finca Las M Bot 750 Ml', null, 'FINCA LAS MORAS');
INSERT INTO Productos VALUES ('prod00462756', 'Vino Chardon TRAPICHE Me Bot 750 Ml', null, 'TRAPICHE');
INSERT INTO Productos VALUES ('prod00005915', 'Cafe Molido . Cabrales Paq 500 Grm', null, 'CABRALES');
INSERT INTO Productos VALUES ('prod00202802', 'Galletitas Secas Granix 350 Gr', null, 'GRANIX');
INSERT INTO Productos VALUES ('prod00477936', 'Queso Gouda Feteado ARLA Paq 150 Grm', null, 'ARLA');

INSERT INTO Detalle VALUES ('230204', 'prod00492785', 1);
INSERT INTO Detalle VALUES ('239901', 'prod00229481', 5);
INSERT INTO Detalle VALUES ('230204', 'prod00462756', 1);
INSERT INTO Detalle VALUES ('242300', 'prod00126403', 2);
INSERT INTO Detalle VALUES ('218049', 'prod00249280', 1);
INSERT INTO Detalle VALUES ('218049', 'prod00005914', 1);
INSERT INTO Detalle VALUES ('219023', 'prod00249280', 1);
INSERT INTO Detalle VALUES ('219023', 'prod00005914', 1);
INSERT INTO Detalle VALUES ('242302', 'prod00485818', 1);
INSERT INTO Detalle VALUES ('242803', 'prod00501768', 1);
INSERT INTO Detalle VALUES ('242805', 'prod00466643', 1);
INSERT INTO Detalle VALUES ('218046', 'prod00249280', 1);
INSERT INTO Detalle VALUES ('218046', 'prod00005914', 1);
INSERT INTO Detalle VALUES ('218048', 'prod00249280', 1);
INSERT INTO Detalle VALUES ('218048', 'prod00005914', 1);
INSERT INTO Detalle VALUES ('226908', 'prod00462756', 1);
INSERT INTO Detalle VALUES ('226908', 'prod00477936', 1);
INSERT INTO Detalle VALUES ('226909', 'prod00462756', 1);
INSERT INTO Detalle VALUES ('226909', 'prod00477936', 1);
INSERT INTO Detalle VALUES ('237605', 'prod00288009', 1);
INSERT INTO Detalle VALUES ('237605', 'prod00466643', 1);
INSERT INTO Detalle VALUES ('237605', 'prod00474658', 1);
INSERT INTO Detalle VALUES ('237605', 'prod00478428', 1);
INSERT INTO Detalle VALUES ('216711', 'prod00061257', 1);
INSERT INTO Detalle VALUES ('216711', 'prod00005915', 4);
INSERT INTO Detalle VALUES ('219924', 'prod00237300', 1);
INSERT INTO Detalle VALUES ('219924', 'prod00005914', 1);
INSERT INTO Detalle VALUES ('219922', 'prod00249280', 1);
INSERT INTO Detalle VALUES ('219922', 'prod00005914', 1);
INSERT INTO Detalle VALUES ('217500', 'prod00469832', 2);
INSERT INTO Detalle VALUES ('217500', 'prod00202802', 2);
INSERT INTO Detalle VALUES ('228708', 'prod00462756', 1);
INSERT INTO Detalle VALUES ('237206', 'prod00466643', 1);
INSERT INTO Detalle VALUES ('228708', 'prod00492785', 1);
INSERT INTO Detalle VALUES ('237206', 'prod00230474', 1);
INSERT INTO Detalle VALUES ('237206', 'prod00474658', 1);
INSERT INTO Detalle VALUES ('237206', 'prod00478428', 1);
INSERT INTO Detalle VALUES ('237502', 'prod00229481', 1);
INSERT INTO Detalle VALUES ('237502', 'prod00047143', 1);
INSERT INTO Detalle VALUES ('237502', 'prod00299525', 1);
INSERT INTO Detalle VALUES ('237902', 'prod00047143', 1);
INSERT INTO Detalle VALUES ('242814', 'prod00466643', 1);
INSERT INTO Detalle VALUES ('242803', 'prod00118365', 1);
INSERT INTO Detalle VALUES ('242814', 'prod00478428', 1);
INSERT INTO Detalle VALUES ('242814', 'prod00474658', 1);
INSERT INTO Detalle VALUES ('226202', 'prod00005915', 4);
INSERT INTO Detalle VALUES ('251202', 'prod00263045', 1);
INSERT INTO Detalle VALUES ('240604', 'prod00291163', 2);
INSERT INTO Detalle VALUES ('251202', 'prod00291163', 1);
INSERT INTO Detalle VALUES ('226202', 'prod00011038', 1);
INSERT INTO Detalle VALUES ('251202', 'prod00286026', 1);
INSERT INTO Detalle VALUES ('216711', 'prod00485077', 1);
INSERT INTO Detalle VALUES ('219933', 'prod00521126', 1);
INSERT INTO Detalle VALUES ('216711', 'prod00010371', 1);
INSERT INTO Detalle VALUES ('219935', 'prod00249280', 1);
INSERT INTO Detalle VALUES ('219935', 'prod00005914', 1);
INSERT INTO Detalle VALUES ('219934', 'prod00249280', 2);
INSERT INTO Detalle VALUES ('219934', 'prod00005914', 1);
INSERT INTO Detalle VALUES ('219934', 'prod00475147', 1);
INSERT INTO Detalle VALUES ('228703', 'prod00462756', 1);
INSERT INTO Detalle VALUES ('240800', 'prod00485818', 1);
INSERT INTO Detalle VALUES ('228707', 'prod00462756', 1);
INSERT INTO Detalle VALUES ('216711', 'prod00290731', 1);
INSERT INTO Detalle VALUES ('237401', 'prod00126403', 2);
INSERT INTO Detalle VALUES ('242818', 'prod00512708', 1);
INSERT INTO Detalle VALUES ('218043', 'prod00249280', 1);
INSERT INTO Detalle VALUES ('218043', 'prod00005914', 1);
INSERT INTO Detalle VALUES ('218044', 'prod00249280', 1);
INSERT INTO Detalle VALUES ('218044', 'prod00005914', 1);
INSERT INTO Detalle VALUES ('226907', 'prod00477936', 1);
INSERT INTO Detalle VALUES ('226910', 'prod00477936', 1);
INSERT INTO Detalle VALUES ('226907', 'prod00462756', 1);
INSERT INTO Detalle VALUES ('226910', 'prod00462756', 1);
INSERT INTO Detalle VALUES ('219921', 'prod00493103', 1);
INSERT INTO Detalle VALUES ('223200', 'prod00462756', 1);
INSERT INTO Detalle VALUES ('230207', 'prod00462756', 1);
INSERT INTO Detalle VALUES ('219921', 'prod00249280', 1);
INSERT INTO Detalle VALUES ('226906', 'prod00462756', 1);
INSERT INTO Detalle VALUES ('219921', 'prod00005914', 1);
INSERT INTO Detalle VALUES ('226906', 'prod00477936', 1);
INSERT INTO Detalle VALUES ('234203', 'prod00466643', 5);
INSERT INTO Detalle VALUES ('242809', 'prod00512708', 1);
INSERT INTO Detalle VALUES ('235105', 'prod00179472', 1);
INSERT INTO Detalle VALUES ('235105', 'prod00474513', 5);
INSERT INTO Detalle VALUES ('242809', 'prod00118365', 1);
INSERT INTO Detalle VALUES ('242809', 'prod00118363', 1);
INSERT INTO Detalle VALUES ('243302', 'prod00229481', 5);
INSERT INTO Detalle VALUES ('242818', 'prod00474658', 1);
INSERT INTO Detalle VALUES ('242818', 'prod00466643', 1);
INSERT INTO Detalle VALUES ('242818', 'prod00478428', 1);
INSERT INTO Detalle VALUES ('235106', 'prod00466643', 3);
INSERT INTO Detalle VALUES ('235106', 'prod00474513', 2);
INSERT INTO Detalle VALUES ('242813', 'prod00501768', 1);
INSERT INTO Detalle VALUES ('219921', 'prod00047143', 1);
INSERT INTO Detalle VALUES ('237900', 'prod00466643', 1);
INSERT INTO Detalle VALUES ('237900', 'prod00478428', 1);
INSERT INTO Detalle VALUES ('237900', 'prod00474658', 1);
INSERT INTO Detalle VALUES ('237902', 'prod00299525', 1);
INSERT INTO Detalle VALUES ('237902', 'prod00457294', 1);
INSERT INTO Detalle VALUES ('242805', 'prod00478428', 1);
INSERT INTO Detalle VALUES ('242805', 'prod00474658', 1);
INSERT INTO Detalle VALUES ('242805', 'prod00473708', 1);
INSERT INTO Detalle VALUES ('242805', 'prod00481306', 1);
INSERT INTO Detalle VALUES ('242808', 'prod00512708', 1);
INSERT INTO Detalle VALUES ('237901', 'prod00229481', 5);
INSERT INTO Detalle VALUES ('245700', 'prod00047143', 1);
INSERT INTO Detalle VALUES ('245700', 'prod00299525', 1);
INSERT INTO Detalle VALUES ('245700', 'prod00457294', 1);
INSERT INTO Detalle VALUES ('242810', 'prod00118365', 1);
INSERT INTO Detalle VALUES ('242810', 'prod00118367', 1);
INSERT INTO Detalle VALUES ('242810', 'prod00118363', 1);
INSERT INTO Detalle VALUES ('216711', 'prod00080951', 1);
INSERT INTO Detalle VALUES ('245701', 'prod00047143', 1);
INSERT INTO Detalle VALUES ('245701', 'prod00299525', 1);
INSERT INTO Detalle VALUES ('245701', 'prod00457294', 1);
INSERT INTO Detalle VALUES ('216628', 'prod00492892', 1);
INSERT INTO Detalle VALUES ('216641', 'prod00492892', 1);
INSERT INTO Detalle VALUES ('237902', 'prod00229481', 5);
INSERT INTO Detalle VALUES ('239802', 'prod00229481', 5);
INSERT INTO Detalle VALUES ('242301', 'prod00126403', 2);
INSERT INTO Detalle VALUES ('218050', 'prod00249280', 1);
INSERT INTO Detalle VALUES ('218050', 'prod00005914', 1);
INSERT INTO Detalle VALUES ('259702', 'prod00466643', 1);
INSERT INTO Detalle VALUES ('216636', 'prod00492892', 1);
INSERT INTO Detalle VALUES ('216711', 'prod00269852', 1);
INSERT INTO Detalle VALUES ('216711', 'prod00475148', 1);
INSERT INTO Detalle VALUES ('216711', 'prod00011037', 1);
INSERT INTO Detalle VALUES ('216711', 'prod00011038', 1);
INSERT INTO Detalle VALUES ('216711', 'prod00258386', 1);
INSERT INTO Detalle VALUES ('216711', 'prod00244279', 1);
INSERT INTO Detalle VALUES ('216711', 'prod00261954', 1);
INSERT INTO Detalle VALUES ('216711', 'prod00255486', 1);
INSERT INTO Detalle VALUES ('216711', 'prod00244277', 1);
INSERT INTO Detalle VALUES ('216711', 'prod00080592', 1);
INSERT INTO Detalle VALUES ('230203', 'prod00462756', 1);
INSERT INTO Detalle VALUES ('230203', 'prod00492785', 1);
INSERT INTO Detalle VALUES ('217801', 'prod00249280', 1);
INSERT INTO Detalle VALUES ('217801', 'prod00005914', 1);
INSERT INTO Detalle VALUES ('216638', 'prod00492892', 1);
INSERT INTO Detalle VALUES ('216635', 'prod00492892', 1);
INSERT INTO Detalle VALUES ('219923', 'prod00249280', 1);
INSERT INTO Detalle VALUES ('219923', 'prod00005914', 1);
INSERT INTO Detalle VALUES ('243601', 'prod00229481', 5);
INSERT INTO Detalle VALUES ('251203', 'prod00047143', 1);
INSERT INTO Detalle VALUES ('251203', 'prod00299525', 1);
INSERT INTO Detalle VALUES ('251203', 'prod00457294', 1);
INSERT INTO Detalle VALUES ('239803', 'prod00229481', 5);
INSERT INTO Detalle VALUES ('242815', 'prod00466643', 1);
INSERT INTO Detalle VALUES ('242815', 'prod00474658', 1);
INSERT INTO Detalle VALUES ('242815', 'prod00478428', 1);
INSERT INTO Detalle VALUES ('242815', 'prod00501768', 1);
INSERT INTO Detalle VALUES ('245707', 'prod00229481', 5);
INSERT INTO Detalle VALUES ('237502', 'prod00457294', 1);
INSERT INTO Detalle VALUES ('237605', 'prod00143066', 1);
INSERT INTO Detalle VALUES ('243701', 'prod00460537', 1);
INSERT INTO Detalle VALUES ('243701', 'prod00466643', 5);
INSERT INTO Detalle VALUES ('242812', 'prod00512708', 1);
INSERT INTO Detalle VALUES ('230202', 'prod00492785', 1);
INSERT INTO Detalle VALUES ('230202', 'prod00462756', 1);
INSERT INTO Detalle VALUES ('237804', 'prod00229481', 5);
INSERT INTO Detalle VALUES ('242816', 'prod00501768', 1);
INSERT INTO Detalle VALUES ('242817', 'prod00466643', 1);
INSERT INTO Detalle VALUES ('242817', 'prod00478428', 1);
INSERT INTO Detalle VALUES ('242817', 'prod00474658', 1);
INSERT INTO Detalle VALUES ('245702', 'prod00142748', 1);
INSERT INTO Detalle VALUES ('245702', 'prod00126411', 1);
INSERT INTO Detalle VALUES ('245702', 'prod00181026', 1);
INSERT INTO Detalle VALUES ('216634', 'prod00492892', 1);
INSERT INTO Detalle VALUES ('245702', 'prod00127563', 1);
INSERT INTO Detalle VALUES ('245702', 'prod00188261', 1);
INSERT INTO Detalle VALUES ('245702', 'prod00501768', 1);
INSERT INTO Detalle VALUES ('242603', 'prod00501768', 1);
INSERT INTO Detalle VALUES ('242603', 'prod00466643', 1);
INSERT INTO Detalle VALUES ('237207', 'prod00466643', 1);
INSERT INTO Detalle VALUES ('237207', 'prod00230474', 1);
INSERT INTO Detalle VALUES ('237207', 'prod00474658', 1);
INSERT INTO Detalle VALUES ('237207', 'prod00478428', 1);


-- =========================================================================================================
-- Vistas
-- =========================================================================================================

DROP VIEW IF EXISTS vCantidadProductos;
CREATE VIEW vCantidadProductos (idOrden, Fecha, Cliente, Total)
AS 
	SELECT o.idOrden, DATE(o.fCreacion), CONCAT(c.apellidos, ", ", c.nombres), SUM(d.cantidad)
    FROM Ordenes o
    INNER JOIN Clientes c ON o.idCliente = c.idCliente
    INNER JOIN Detalle d ON o.idOrden = d.idOrden
    GROUP BY idOrden, DATE(o.fCreacion), CONCAT(c.apellidos, ", ", c.nombres)
    ORDER BY 2;


-- =========================================================================================================
-- SPs
-- =========================================================================================================

DROP PROCEDURE IF EXISTS spAltaEnvio;
DELIMITER //
CREATE PROCEDURE spAltaEnvio
(pID VARCHAR(40), pInstrucciones VARCHAR(200), pFecha DATE, pIDOrden VARCHAR(40), pfEntregaDesde DATE, pfEntregaHasta DATE, pObservs VARCHAR(200), pNumCupon VARCHAR(32), pIDTipoGrupo INT, OUT mensaje VARCHAR(100))
SALIR: BEGIN  
	IF (pID IS NULL OR pID = '') THEN
		SET mensaje = 'Error ningun campo puede ser nulo';
        LEAVE SALIR;
	END IF;
    IF (SELECT idEnvio FROM Envios WHERE idEnvio = pID) IS NOT NULL THEN
		SET mensaje = 'Id invalido';
        LEAVE SALIR;
	END IF;
    IF (pfEntregaHasta < pfEntregaDesde) THEN
		SET mensaje = 'Fechas invalidas';
        LEAVE SALIR;
	END IF;
    
	INSERT INTO Envios 
    (idEnvio, instrucciones , fecha , idOrden , fEntregaDesde , fEntregaHasta , observaciones, numeroCupon, idTipoGrupo) VALUES
    (pID	, pInstrucciones, pfecha, pIDOrden, pfEntregaDesde, pfEntregaHasta, pObservs	 , pNumCupon  , pIDTipoGrupo);
    
	SET mensaje = 'Producto creado con éxito';
    
END //
DELIMITER ;


DROP PROCEDURE IF EXISTS spConsultaEnvio;
DELIMITER //
CREATE PROCEDURE spConsultaEnvio(pIdOrden VARCHAR(40), OUT mensaje VARCHAR(100))
SALIR: BEGIN  
	IF (pIdOrden IS NULL OR pIdOrden = '') THEN
		SET mensaje = 'Error id invalido';
        LEAVE SALIR;
	END IF;
    
	SELECT o.idOrden, tg.descripcion, s.idSeguimiento, est.descripcion, s.fecha
    FROM Ordenes o
    INNER JOIN Envios e 	  ON o.idOrden = e.idOrden
    INNER JOIN TiposGrupos tg ON e.idTipoGrupo = tg.idTipoGrupo
    LEFT JOIN  Seguimientos s ON e.idEnvio = s.idEnvio
    LEFT JOIN  Estados est    ON s.idEstado = est.idEstado
    WHERE o.idOrden = pIdOrden
    GROUP BY o.idOrden, tg.descripcion, s.idSeguimiento, est.descripcion, s.fecha;
    
	SET mensaje = 'OK';
    
END //
DELIMITER ;