-- MySQL Script generated by MySQL Workbench
-- Wed Jun 24 15:18:13 2026
-- Model: New Model    Version: 1.0
-- MySQL Workbench Forward Engineering

SET @OLD_UNIQUE_CHECKS=@@UNIQUE_CHECKS, UNIQUE_CHECKS=0;
SET @OLD_FOREIGN_KEY_CHECKS=@@FOREIGN_KEY_CHECKS, FOREIGN_KEY_CHECKS=0;
SET @OLD_SQL_MODE=@@SQL_MODE, SQL_MODE='ONLY_FULL_GROUP_BY,STRICT_TRANS_TABLES,NO_ZERO_IN_DATE,NO_ZERO_DATE,ERROR_FOR_DIVISION_BY_ZERO,NO_ENGINE_SUBSTITUTION';

-- =========================================================================================================
-- Crear BD
-- =========================================================================================================
DROP SCHEMA IF EXISTS `Parcial2023` ;
CREATE SCHEMA IF NOT EXISTS `Parcial2023` DEFAULT CHARACTER SET utf8 ;
USE `Parcial2023` ;

-- -----------------------------------------------------
-- Table `Productos`
-- -----------------------------------------------------
DROP TABLE IF EXISTS `Productos` ;
CREATE TABLE IF NOT EXISTS `Productos` (
  `idProducto` 	INT 			NOT NULL AUTO_INCREMENT,
  `nombre` 		VARCHAR(150) 	NOT NULL,
  `precio` 		FLOAT 			NOT NULL CHECK (precio > 0),
  PRIMARY KEY (`idProducto`),
  UNIQUE INDEX `nombre_UNIQUE` (`nombre` ASC) VISIBLE)
ENGINE = InnoDB;


-- -----------------------------------------------------
-- Table `Clientes`
-- -----------------------------------------------------
DROP TABLE IF EXISTS `Clientes` ;
CREATE TABLE IF NOT EXISTS `Clientes` (
  `idCliente` 	INT 		 NOT NULL,
  `apellidos` 	VARCHAR(50)  NOT NULL,
  `nombres` 	VARCHAR(50)  NOT NULL,
  `dni` 		VARCHAR(10)  NOT NULL,
  `domicilio` 	VARCHAR(100) NOT NULL,
  PRIMARY KEY (`idCliente`),
  UNIQUE INDEX `dni_UNIQUE` (`dni` ASC) VISIBLE)
ENGINE = InnoDB;


-- -----------------------------------------------------
-- Table `BandasHorarias`
-- -----------------------------------------------------
DROP TABLE IF EXISTS `BandasHorarias` ;
CREATE TABLE IF NOT EXISTS `BandasHorarias` (
  `idBandaHoraria` 	INT 	 NOT NULL,
  `nombre` 			CHAR(13) NOT NULL,
  PRIMARY KEY (`idBandaHoraria`),
  UNIQUE INDEX `nombre_UNIQUE` (`nombre` ASC) VISIBLE)
ENGINE = InnoDB;


-- -----------------------------------------------------
-- Table `Sucursales`
-- -----------------------------------------------------
DROP TABLE IF EXISTS `Sucursales` ;
CREATE TABLE IF NOT EXISTS `Sucursales` (
  `idSucursal`  INT 		 NOT NULL,
  `nombre` 		VARCHAR(100) NOT NULL,
  `domicilio`	VARCHAR(100) NOT NULL,
  PRIMARY KEY (`idSucursal`),
  UNIQUE INDEX `UI_nombre_domicilio` (`nombre` ASC, `domicilio` ASC) VISIBLE)
ENGINE = InnoDB;


-- -----------------------------------------------------
-- Table `Pedidos`
-- -----------------------------------------------------
DROP TABLE IF EXISTS `Pedidos` ;
CREATE TABLE IF NOT EXISTS `Pedidos` (
  `idPedido`  INT 		NOT NULL,
  `idCliente` INT 		NOT NULL,
  `fecha` 	  DATETIME  NOT NULL,
  PRIMARY KEY (`idPedido`),
  INDEX `fk_Pedidos_Clientes_idx` (`idCliente` ASC) VISIBLE,
  CONSTRAINT `fk_Pedidos_Clientes`
    FOREIGN KEY (`idCliente`)
    REFERENCES `Clientes` (`idCliente`)
    ON DELETE NO ACTION
    ON UPDATE NO ACTION)
ENGINE = InnoDB;


-- -----------------------------------------------------
-- Table `ProductoDelPedido`
-- -----------------------------------------------------
DROP TABLE IF EXISTS `ProductoDelPedido` ;
CREATE TABLE IF NOT EXISTS `ProductoDelPedido` (
  `idProducto` 	INT   NOT NULL,
  `idPedido` 	INT   NOT NULL,
  `cantidad` 	FLOAT NOT NULL,
  `precio` 		FLOAT NOT NULL CHECK (precio > 0),
  PRIMARY KEY (`idProducto`, `idPedido`),
  INDEX `fk_ProductoDelPedido_Pedidos1_idx` (`idPedido` ASC) VISIBLE,
  CONSTRAINT `fk_ProductoDelPedido_Productos1`
    FOREIGN KEY (`idProducto`)
    REFERENCES `Productos` (`idProducto`)
    ON DELETE NO ACTION
    ON UPDATE NO ACTION,
  CONSTRAINT `fk_ProductoDelPedido_Pedidos1`
    FOREIGN KEY (`idPedido`)
    REFERENCES `Pedidos` (`idPedido`)
    ON DELETE NO ACTION
    ON UPDATE NO ACTION)
ENGINE = InnoDB;


-- -----------------------------------------------------
-- Table `Entregas`
-- -----------------------------------------------------
DROP TABLE IF EXISTS `Entregas` ;
CREATE TABLE IF NOT EXISTS `Entregas` (
  `idEntrega` 		INT 	 NOT NULL,
  `idSucursal` 		INT 	 NOT NULL,
  `idPedido` 		INT 	 NOT NULL,
  `fecha` 			DATETIME NOT NULL,
  `idBandaHoraria`  INT 	 NOT NULL,
  PRIMARY KEY (`idEntrega`),
  INDEX `fk_Entregas_Sucursales1_idx` (`idSucursal` ASC) VISIBLE,
  INDEX `fk_Entregas_BandasHorarias1_idx` (`idBandaHoraria` ASC) VISIBLE,
  INDEX `fk_Entregas_Pedidos1_idx` (`idPedido` ASC) VISIBLE,
  CONSTRAINT `fk_Entregas_Sucursales1`
    FOREIGN KEY (`idSucursal`)
    REFERENCES `Sucursales` (`idSucursal`)
    ON DELETE NO ACTION
    ON UPDATE NO ACTION,
  CONSTRAINT `fk_Entregas_BandasHorarias1`
    FOREIGN KEY (`idBandaHoraria`)
    REFERENCES `BandasHorarias` (`idBandaHoraria`)
    ON DELETE NO ACTION
    ON UPDATE NO ACTION,
  CONSTRAINT `fk_Entregas_Pedidos1`
    FOREIGN KEY (`idPedido`)
    REFERENCES `Pedidos` (`idPedido`)
    ON DELETE NO ACTION
    ON UPDATE NO ACTION)
ENGINE = InnoDB;


SET SQL_MODE=@OLD_SQL_MODE;
SET FOREIGN_KEY_CHECKS=@OLD_FOREIGN_KEY_CHECKS;
SET UNIQUE_CHECKS=@OLD_UNIQUE_CHECKS;


-- =========================================================================================================
-- Poblar BD
-- =========================================================================================================

-- CLIENTES
-- =========================
INSERT INTO Clientes (idCliente, apellidos, nombres, dni, domicilio) VALUES
(1, 'Perez', 'Juan', '30111222', 'Av. San Martin 123'),
(2, 'Gomez', 'Maria', '28444555', 'Belgrano 456'),
(3, 'Lopez', 'Carlos', '32555666', 'Mitre 789'),
(4, 'Fernandez', 'Ana', '29888777', 'Sarmiento 321'),
(5, 'Rodriguez', 'Lucia', '33777999', 'Rivadavia 654');

-- PRODUCTOS
-- =========================
INSERT INTO Productos (idProducto, nombre, precio) VALUES
(1, 'Pizza Muzzarella', 12000),
(2, 'Empanada Carne', 1800),
(3, 'Hamburguesa Completa', 9500),
(4, 'Gaseosa Cola 1.5L', 3500),
(5, 'Helado 1Kg', 8500);

-- SUCURSALES
-- =========================
INSERT INTO Sucursales (idSucursal, nombre, domicilio) VALUES
(1, 'Sucursal Centro', 'Av. Libertador 100'),
(2, 'Sucursal Norte', 'Av. Mitre 2500'),
(3, 'Sucursal Sur', 'Ruta 3 Km 15');

-- BANDAS HORARIAS
-- =========================
INSERT INTO BandasHorarias (idBandaHoraria, nombre) VALUES
(1, '08:00-12:00'),
(2, '12:00-16:00'),
(3, '16:00-20:00'),
(4, '20:00-24:00');

-- PEDIDOS
-- =========================
INSERT INTO Pedidos (idPedido, idCliente, fecha) VALUES
(1, 1, '2025-06-20 10:30:00'),
(2, 2, '2025-06-20 13:15:00'),
(3, 3, '2025-06-21 18:45:00'),
(4, 1, '2025-06-22 20:10:00'),
(5, 5, '2025-06-23 11:20:00'),
(6, 2, '2025-06-24 19:30:00'),
(7, 4, '2025-06-24 20:15:00');

-- PRODUCTODELPEDIDO
-- =========================
INSERT INTO ProductoDelPedido (idPedido, idProducto, cantidad, precio) VALUES
(1, 1, 1, 12000),
(1, 4, 2, 3500),
(2, 2, 12, 1800),
(3, 3, 2, 9500),
(4, 5, 1, 8500),
(6, 1, 2, 12000),
(6, 2, 6, 1800),
(6, 4, 1, 3500),
(7, 3, 3, 9500),
(7, 5, 2, 8500),
(7, 4, 2, 3500);

-- ENTREGAS
-- =========================
INSERT INTO Entregas (idEntrega, idSucursal, idPedido, fecha, idBandaHoraria) VALUES
(1, 1, 1, '2025-06-20 11:00:00', 1),
(2, 2, 2, '2025-06-20 14:00:00', 2),
(3, 3, 3, '2025-06-21 19:00:00', 3),
(4, 1, 4, '2025-06-22 21:00:00', 4),
(5, 2, 5, '2025-06-23 12:00:00', 2);


-- =========================================================================================================
-- Vistas
-- =========================================================================================================

DROP VIEW IF EXISTS VEntregas;
CREATE VIEW VEntregas (Sucursal, Pedido, FPedido, FEntrega, Banda, Cliente) 
AS 
	SELECT s.nombre, p.idPedido, DATE(p.fecha), DATE(e.fecha), bh.nombre, CONCAT(c.apellidos, ', ',c.nombres, ' (', c.dni, ')')
    FROM Sucursales s
    INNER JOIN Entregas e ON s.idSucursal = e.idSucursal
    INNER JOIN Pedidos p ON e.idPedido = p.idPedido
    INNER JOIN BandasHorarias bh ON e.idBandaHoraria = bh.idBandaHoraria
    INNER JOIN Clientes C ON p.idCliente = c.idCliente;
    
    
-- =========================================================================================================
-- SPs
-- =========================================================================================================

DROP PROCEDURE IF EXISTS NuevoProducto;
DELIMITER //
CREATE PROCEDURE NuevoProducto(pNombre VARCHAR(150), pPrecio FLOAT, OUT mensaje VARCHAR(100))
SALIR: BEGIN  
	IF (pNombre IS NULL OR pNombre = '') OR (pPrecio <= 0 OR pPrecio IS NULL) THEN
		SET mensaje = 'Error ningun campo puede ser nulo';
        LEAVE SALIR;
	END IF;
    
	INSERT INTO Productos VALUES 
    (0, pNombre, pPrecio);
	SET mensaje = 'Producto creado con éxito';
END //
DELIMITER ;


DROP PROCEDURE IF EXISTS BuscarPedidos;
DELIMITER //
CREATE PROCEDURE BuscarPedidos(pPedido INT, OUT mensaje VARCHAR(100))
SALIR: BEGIN  
	IF (pPedido <= 0 OR pPedido IS NULL) THEN
		SET mensaje = 'Error ID invalido';
        LEAVE SALIR;
	END IF;
    
	(SELECT pr.idProducto, pr.nombre, pr.precio AS 'precio lista', pdp.cantidad, pdp.precio AS 'precio venta', (pdp.cantidad * pdp.precio) AS 'total'
    FROM Productos pr
    INNER JOIN ProductoDelPedido pdp ON pr.idProducto = pdp.idProducto
    INNER JOIN Pedidos pe ON pdp.idPedido = pe.idPedido
    WHERE pe.idPedido = pPedido
    ORDER BY 2 ASC)
    
    UNION
    
    (SELECT 'Fecha:', DATE(p.fecha), 'Cliente:', CONCAT(c.apellidos, ', ',c.nombres), 'Total:', SUM(pdp.Precio * pdp.cantidad)
    FROM Pedidos p
    INNER JOIN Clientes c ON p.idCliente = c.idCliente
    INNER JOIN ProductoDelPedido pdp ON p.idPedido = pdp.idPedido
    WHERE p.idPedido = pPedido
    GROUP BY pdp.idPedido)
    ;
    
	SET mensaje = 'Producto creado con éxito';
END //
DELIMITER ;


-- =========================================================================================================
-- Triggers
-- =========================================================================================================

DROP TRIGGER IF EXISTS BorradoProducto;
DELIMITER //
CREATE TRIGGER BorradoProducto 
BEFORE DELETE ON Productos FOR EACH ROW
BEGIN
    
    IF (SELECT MAX(precio) FROM ProductoDelPedido WHERE idProducto = OLD.idProducto) IS NOT NULL THEN
		SIGNAL SQLSTATE '45000' SET MESSAGE_TEXT = 'No se puede borrar producto'; 
    END IF;
    
END //
DELIMITER ;
